title	release_na	developer	publisher	regions	genre
3 Ninjas Kick Back	1994-06-19	Malibu Interactive	Sony Imagesoft	NA	Platformer
The 7th Saga	1993-08-03	Produce	Enix	NA	Role-playing
90 Minutes European Prime Goal	1995-12-20	Namco	Ocean Software	PAL	Soccer
A.S.P. Air Strike Patrol|Desert Fighter EU	1995-01-01	SETA	SETA	NA|PAL	Isometric Shoot 'em Up
AAAHH!!! Real Monsters	1995-08-15	Realtime Associates	Viacom New Media	NA|PAL	Platformer
ABC Monday Night Football	1993-12-07	Data East|Kuusoukagaku Corporation	Data East	NA	Football
Acme Animation Factory	1994-11-05	Sunsoft	Sunsoft	NA|PAL	Educational Animator
ActRaiser	1991-11-01	Quintet	Enix	NA|PAL	Simulation|Platformer
ActRaiser 2	1993-11-16	Quintet	Enix	NA|PAL	Platformer
The Addams Family	1992-03-10	Ocean Software	Ocean Software	NA|PAL	Platformer
The Addams Family: Pugsley's Scavenger Hunt	1993-02-23	Ocean Software	Ocean Software	NA|PAL	Platformer
Addams Family Values	1995-02-14	Ocean Software	Ocean Software	NA|PAL	Action Role-playing
The Adventures of Batman & Robin	1994-12-01	Konami	Konami	NA|PAL	Action Platformer
The Adventures of Dr. Franken	1993-12-01	MotiveTime	DTMC	NA|PAL	Platformer
The Adventures of Kid Kleets|Soccer Kid EU	1993-12-01	Krisalis Software	Ocean Software	NA|PAL	Platformer
The Adventures of Mighty Max	1995-02-07	Ocean Software	Ocean Software	NA|PAL	Platformer
The Adventures of Rocky and Bullwinkle and Friends	1993-06-01	Imagineering	THQ	NA	Platformer
The Adventures of Tintin: Prisoners of the Sun	1997-02-09	Herge	Infogrames	PAL	Adventure
Adventures of Yogi Bear|Yogi Bear's Cartoon Caper EU	1994-10-01	Empire Software	Cybersoft	NA|PAL	Platformer
Aero Fighters	1994-11-01	Video System	Video System	NA	Scrolling Shooter
Aero the Acro-Bat	1993-10-12	Iguana Entertainment	Sunsoft	NA|PAL	Platformer
Aero the Acro-Bat 2	1994-11-01	Iguana Entertainment	Sunsoft	NA|PAL	Platformer
Aerobiz	1993-02-02	Koei	Koei	NA	Simulation
Aerobiz Supersonic	1994-08-29	Koei	Koei	NA	Simulation
Air Cavalry	1995-06-20	Synergistic Software	Cybersoft	NA|PAL	Flight Simulation|Shoot 'em Up
Al Unser Jr.'s Road to the Top	1994-11-01	Radical Entertainment	Mindscape	NA|PAL	Racing
Alfred Chicken	1994-02-01	Twilight Games	Mindscape	NA|PAL	Platformer
Alien 3	1993-05-17	Probe Entertainment	Acclaim Entertainment	NA|PAL	Platformer
Alien vs Predator	1993-09-04	Jorudan	Activision	NA|PAL	Beat 'Em Up
American Gladiators	1993-04-13	Imagitec Design	GameTek	NA	Sports
An American Tail: Fievel Goes West	1994-08-30	Hudson Soft	Hudson Soft	NA|PAL	Platformer
Andre Agassi Tennis	1994-05-31	Radiance Software	TecMagik	NA	Tennis
Animaniacs	1994-11-01	Konami	Konami	NA|PAL	Platformer
Arcade's Greatest Hits: The Atari Collection 1	1997-08-30	Digital Eclipse Software	Midway Games	NA|PAL	Arcade Compilation
Arcana	1992-05-05	HAL Laboratory	HAL Laboratory	NA	Role-playing
Ardy Lightfoot	1993-06-01	ASCII Entertainment	Titus Software	NA|PAL	Platformer
Arkanoid: Doh It Again	1997-10-01	Taito	Nintendo	NA|PAL	Breakout
Art of Fighting	1993-12-01	Monolith Corporation	Takara	NA|PAL	Fighting
Asterix	1993-05-30	Infogrames	Infogrames	PAL	Platformer
Asterix & Obelix	1996-05-01	Infogrames	Infogrames	PAL	Platformer
Axelay	1992-09-14	Konami	Konami	NA|PAL	Scrolling Shooter
B.O.B.	1993-06-01	Gray Matter	Electronic Arts	NA|PAL	Run and Gun
Ballz 3D	1994-04-01	PF Magic	Accolade	NA	Fighting
Barbie Super Model	1993-06-16	Software Creations	Hi Tech Expressions	NA	Educational Action
Barkley Shut Up and Jam!	1994-06-07	Accolade	Accolade	NA|PAL	Basketball
Bass Masters Classic	1995-06-06	Malibu Games	Malibu Games	NA	Fishing
Bass Masters Classic: Pro Edition	1996-07-23	Black Pearl Software	Black Pearl Software	NA|PAL	Fishing
Bassin's Black Bass with Hank Parker	1994-11-01	Starfish	Hot-B	NA	Fishing
Batman Forever	1995-10-26	Probe Entertainment	Acclaim Entertainment	NA|PAL	Beat 'Em Up
Batman Returns	1993-05-31	Konami	Konami	NA|PAL	Beat 'Em Up
Battle Blaze	1993-10-19	American Sammy	American Sammy	NA	Fighting
Battle Cars	1993-10-11	Namco	Namco	NA	Vehicular combat
Battle Clash	1992-10-01	Intelligent Systems	Nintendo	NA|PAL	Light Gun Shooter
Battle Grand Prix	1993-04-20	KID	Hudson Soft	NA	Racing|Vehicular Combat
Battletoads & Double Dragon	1993-12-01	Rare Ltd.	Tradewest	NA|PAL	Beat 'Em Up
Battletoads in Battlemaniacs	1993-06-29	Rare Ltd.	Tradewest	NA|PAL	Beat 'Em Up|Platformer
Bazooka Blitzkrieg|Destructive Jap	1992-12-31	Bandai	Bandai	NA	Rail Shooter
Beavis and Butt-head	1994-11-01	Realtime Associates	Viacom New Media	NA|PAL	Action
Bébé's Kids	1994-04-19	Radical Entertainment	Motown Software	NA	Beat 'em Up
Beethoven: The Ultimate Canine Caper|Beethoven's 2nd EU	1993-12-17	Riedel Software Productions	Hi Tech Expressions	NA|PAL	Platformer
Best of the Best: Championship Karate	1993-11-24	Loriciel	Electro Brain	NA|PAL	Fighting
Big Sky Trooper	1995-10-10	LucasArts	JVC	NA|PAL	Action Role-playing
Biker Mice from Mars	1994-12-01	Konami	Konami	NA|PAL	Racing
Bill Laimbeer's Combat Basketball	1991-12-01	Hudson Soft	Hudson Soft	NA	Basketball
Bill Walsh College Football	1993-06-01	EA Sports	Visual Concepts	NA	Basketball
BioMetal	1993-06-01	Athena	Activision	NA|PAL	Scrolling shooter
April (\d+), (\d+)	1995-08-10	Blizzard Entertainment	Interplay Entertainment	NA|PAL	Cinematic Platformer
BlaZeon: The Bio-Cyborg Challenge	1992-10-27	AI	Atlus	NA	Scrolling shooter
The Blues Brothers	1993-06-01	Titus Software	Titus Software	NA|PAL	Platformer
Boogerman: A Pick and Flick Adventure	1995-09-15	Interplay Entertainment	Interplay Entertainment	NA|PAL	Platformer
Boxing Legends of the Ring|Chavez II MX	1994-11-01	Sculptured Software	Electro Brain	NA|PAL	Fighting
Brain Lord	1994-10-01	Produce	Enix	NA	Action Role-playing
The Brainies	1996-04-02	Titus Software	Titus Software	NA|PAL	Puzzle
Bram Stoker's Dracula	1993-01-01	Psygnosis	Sony Imagesoft	NA|PAL	Platformer
Brandish	1995-02-28	Nihon Falcom	Koei	NA	Dungeon Crawler|Action Role-playing
Brawl Brothers|Brawl Brothers: Rival Turf! 2 EU	1993-04-13	Jaleco	Jaleco	NA|PAL	Beat 'Em Up
BreakThru!	1994-06-01	Artech Digital Entertainment	Spectrum Holobyte	NA	Puzzle
Breath of Fire	1994-08-10	Capcom	Square	NA	Role-playing
Breath of Fire II	1995-12-10	Capcom	Capcom	NA|PAL	Role-playing
Brett Hull Hockey	1994-01-11	Radical Entertainment	Accolade	NA|PAL	Hockey
Brett Hull Hockey '95	1994-09-09	Radical Entertainment	Accolade	NA	Hockey
Bronkie the Bronchiasaurus	1995-09-26	WaveQuest	Raya Systems	NA	Educational Platformer
Brunswick World: Tournament of Champions	1997-08-12	Tiertex Design Studios	THQ	NA	Bowling
Brutal: Paws of Fury	1994-12-06	Eurocom	GameTek	NA|PAL	Fighting
Bubsy in Claws Encounters of the Furred Kind	1993-05-01	Accolade	Accolade	NA|PAL	Platformer
Bubsy 2	1994-04-03	Accolade	Accolade	NA|PAL	Platformer
Bugs Bunny Rabbit Rampage	1994-02-15	Sunsoft	Sunsoft	NA|PAL	Platformer
Bulls versus Blazers and the NBA Playoffs	1992-12-01	Electronic Arts	EA Sports	NA|PAL	Basketball
Bust-a-Move|Puzzle Bobble EU	1995-03-01	Taito	Taito	NA|PAL	Puzzle
Cacoma Knight in Bizyland	1993-06-01	SETA	SETA	NA	Action|Puzzle
Cal Ripken Jr. Baseball	1992-12-01	Mindscape	Mindscape	NA|PAL	Baseball
California Games 2	1993-01-01	Silicon Sorcery	DTMC	NA|PAL	Sports
Cannon Fodder	1994-01-01	Sensible Software	Virgin Interactive	PAL	Shoot 'em Up
Capcom's MVP Football	1992-06-01	Equilibrium	Capcom	NA	Football
Capcom's Soccer Shootout	1994-09-15	Capcom	Capcom	NA|PAL	Soccer
Captain America and The Avengers	1993-09-01	Mindscape	Mindscape	NA|PAL	Beat 'Em Up
Captain Commando	1995-08-01	Capcom	Capcom	NA|PAL	Beat 'Em Up
Captain Novolin	1992-11-02	Sculptured Software	Raya Systems	NA	Educational Platformer
Carrier Aces	1995-01-01	Synergistic Software	Cybersoft	NA|PAL	War|Action Simulator
Casper	1996-12-01	Absolute Entertainment	Natsume	NA|PAL	Action
Castlevania: Dracula X|Castlevania: Vampire's Kiss EU	1995-09-01	Konami	Konami	NA|PAL	Platformer
Champions World Class Soccer	1994-11-04	Park Place Productions	Acclaim Entertainment	NA|PAL	Soccer
Championship Pool	1993-11-03	Bitmasters	Mindscape	NA|PAL	Billiards
Championship Soccer '94|Sensible Soccer: International Edition EU	1994-06-23	Sensible Software	Sony Imagesoft	NA|PAL	Soccer
The Chessmaster	1991-09-01	Mindscape	Mindscape	NA|PAL	Board Game
Chester Cheetah: Too Cool to Fool	1992-12-02	Kaneko	Kaneko	NA	Platformer
Chester Cheetah: Wild Wild Quest	1994-03-01	Kaneko	Kaneko	NA	Platformer
Choplifter III	1994-01-01	Beam Software	Extreme Entertainment Group	NA|PAL	Shoot 'em Up
Chrono Trigger	1995-08-22	Square	Square	NA	Role-playing
Chuck Rock	1992-11-01	Core Design	Sony Imagesoft	NA|PAL	Platformer
Civilization	1995-06-30	Microprose	Koei	NA	Turn-based Strategy
ClayFighter	1993-11-30	Visual Concepts	Interplay Entertainment	NA|PAL	Fighting
ClayFighter: Tournament Edition	1994-11-22	Visual Concepts	Interplay Entertainment	NA	Fighting
ClayFighter 2: Judgment Clay	1995-01-01	Interplay Entertainment	Interplay Entertainment	NA|PAL	Fighting
Claymates	1993-04-26	Visual Concepts	Interplay Entertainment	NA|PAL	Platformer
Cliffhanger	1993-10-25	Malibu Interactive	Sony Imagesoft	NA|PAL	Beat 'Em Up
Clue	1992-07-01	Sculptured Software	Parker Brothers	NA	Board game
College Football USA '97: The Road to New Orleans	1996-06-01	Black Pearl Software	EA Sports	NA	Football
College Slam	1996-01-31	Iguana Entertainment	Acclaim Entertainment	NA	Basketball
The Combatribes	1993-03-01	Technōs Japan	American Technōs	NA	Beat 'Em Up
Congo's Caper	1993-05-01	Data East	Data East	NA|PAL	Platformer
Contra III: The Alien Wars|Super Probotector: Alien Rebels EU	1992-04-06	Konami	Konami	NA|PAL	Platformer|Run and Gun
Cool Spot	1993-09-01	Virgin Interactive	Virgin Interactive	NA|PAL	Platformer
Cool World	1993-02-01	Ocean Software	Ocean Software	NA	Action
Cutthroat Island	1996-03-01	Software Creations (UK)	Acclaim Entertainment	NA|PAL	Beat 'Em Up
Cyber Spin	1992-11-01	Takara	Takara	NA	Racing
Cybernator	1993-04-04	NCS	Konami	NA|PAL	Platformer|Run and Gun
Daffy Duck: The Marvin Missions	1993-10-01	ICOM Simulations	Sunsoft	NA|PAL	Platformer
Darius Twin	1991-11-30	Taito	Taito	NA|PAL	Scrolling Shooter
David Crane's Amazing Tennis	1992-11-05	David Crane	Absolute Entertainment	NA|PAL	Tennis
Daze Before Christmas	1994-11-01	Funcom	Sunsoft	PAL	Platformer
The Death and Return of Superman	1994-08-01	Blizzard Entertainment	Sunsoft	NA|PAL	Beat 'Em Up
Demolition Man	1995-08-01	Virgin Interactive	Acclaim Entertainment	NA|PAL	Action|Platformer
Demon's Crest	1994-11-01	Capcom	Capcom	NA|PAL	Action|Platformer
Dennis the Menace|Dennis EU	1993-12-01	Ocean Software	Ocean Software	NA|PAL	Platformer
Desert Strike: Return to the Gulf	1992-10-01	Visual Concepts	Electronic Arts	NA|PAL	Shoot 'Em Up
D-Force	1991-12-31	Asmik Ace Entertainment	Asmik Ace Entertainment	NA	Scrolling Shooter
Dig & Spike Volleyball	1993-12-01	Hudson Soft	Hudson Soft	NA	Volleyball
DinoCity	1992-09-04	Irem	Irem	NA|PAL	Platformer
Dino Dini's Soccer	1994-11-10	Eurocom	Virgin Interactive	PAL	Soccer
Dirt Racer	1995-05-31	MotiveTime	Elite Systems	PAL	Racing
Dirt Trax FX	1995-06-16	Sculptured Software	Acclaim Entertainment	NA|PAL	Racing
Disney's Aladdin	1993-11-21	Capcom	Capcom	NA|PAL	Platformer
Disney's Beauty and the Beast	July 1994	Probe Software	Hudson Soft	NA|PAL	Platformer
Disney's Bonkers	1994-12-15	Sun L	Capcom	NA	Platformer
Disney's Pinocchio	1996-11-01	Virgin Interactive	Disney Interactive	NA|PAL	Platformer
Donkey Kong Country	1994-11-21	Rare Ltd.	Nintendo	NA|PAL	Platformer
Donkey Kong Country 2: Diddy's Kong Quest	1995-11-20	Rare Ltd.	Nintendo	NA|PAL	Platformer
Donkey Kong Country 3: Dixie Kong's Double Trouble!	1996-11-22	Rare Ltd.	Nintendo	NA|PAL	Platformer
Doom	1995-09-01	Sculptured Software	Williams Entertainment	NA|PAL	First-Person Shooter
Doom Troopers	1995-11-15	Adrenalin Interactive	Playmates	NA	Run and Gun
Doomsday Warrior	1993-04-30	Telenet	Renovation Products	NA	Fighting
Double Dragon V: The Shadow Falls	1994-08-05	Leland Interactive Media	Tradewest	NA|PAL	Fighting
Dragon: The Bruce Lee Story	1995-07-01	Virgin Interactive	Acclaim Entertainment	NA|PAL	Fighting
Dragon Ball Z: Super Butōden	1993-11-30	Bandai	Bandai	PAL	Fighting
Dragon Ball Z: Hyper Dimension	1996-12-31	Bandai	Bandai	PAL	Fighting
Dragon Ball Z: Super Butōden 2	1994-01-01	Bandai	Bandai	PAL	FIghting
Dragon Ball Z: Super Butōden 3	1994-11-29	Bandai	Bandai	PAL	Fighting
Dragon View	1994-11-17	Infogrames	Kemco	NA	Action Role-playing
Dragon's Lair	1993-02-01	MotiveTime	Data East	NA|PAL	Action|Platformer
Drakkhen	1991-09-01	Infogrames	Kemco	NA|PAL	Role-playing
Dream TV	1994-04-01	Triffix	Triffix	NA	Action
The Duel: Test Drive II	1992-12-01	Distinctive Software	Accolade	NA|PAL	Racing
Dungeon Master	1993-06-01	Software Heaven|FTL Games	JVC	NA|PAL	Role-playing
E.V.O.: Search for Eden	1993-07-15	Almanic	Enix	NA	Action Role-playing
Earth Defense Force	1992-01-01	Jaleco	Jaleco	NA|PAL	Scrolling Shooter
EarthBound	1995-06-05	HAL Laboratory|Ape, Inc.	Nintendo	NA	Role-playing
Earthworm Jim	1994-10-02	Shiny Entertainment	Playmates	NA|PAL	Platformer
Earthworm Jim 2	1996-01-01	Shiny Entertainment	Playmates	NA|PAL	Platformer
Eek! The Cat	1994-08-01	CTA Developments	Ocean Software	NA|PAL	Platformer|Strategy
Elite Soccer|World Cup Striker EU	1994-01-01	Elite	Elite	NA|PAL	Soccer
Emmitt Smith Football	1995-11-01	Bitmasters	JVC	NA	Football
Equinox	1994-03-05	Software Creations	Sony Imagesoft	NA|PAL	Action|Puzzle
ESPN Baseball Tonight	1994-05-01	Park Place Productions	Sony Imagesoft	NA|PAL	Baseball
ESPN National Hockey Night	1994-12-01	Sony Imagesoft	Sony Imagesoft	NA	Hockey
ESPN Speed World	1994-11-30	Sony Imagesoft	Sony Imagesoft	NA	Racing
ESPN Sunday Night NFL	1994-11-10	Absolute Entertainment	Sony Imagesoft	NA	Football
Extra Innings	1992-03-20	Sony Imagesoft	Sony Imagesoft	NA	Baseball
Eye of the Beholder	1994-04-01	Capcom	Capcom	NA	Role-playing
F-Zero	1991-08-23	Nintendo	Nintendo	NA|PAL	Racing
F1 Pole Position	1993-09-03	Human Entertainment	Ubisoft	NA|PAL	Racing
F1 Pole Position 2	1993-12-29	Human Entertainment	Ubisoft	PAL	Racing
F1 ROC: Race of Champions|Exhaust Heat EU	1992-09-01	SETA	SETA	NA|PAL	Racing
F1 ROC II: Race of Champions	1994-07-01	SETA	SETA	NA	Racing
F1 World Championship Edition	1995-01-01	Domark	Acclaim Entertainment	PAL	Racing
Faceball 2000	1992-09-30	Xanth Software	Bullet-Proof Software	NA	First-Person Shooter
Family Dog	1993-06-23	Imagineering	Malibu Games	NA|PAL	Platformer
Family Feud	1993-09-13	Imagineering	GameTek	NA	Game Show
Fatal Fury: King of Fighters	1993-04-01	Nova Co., Ltd	Takara	NA|PAL	Fighting
Fatal Fury 2	1994-04-01	Nova Co., Ltd	Takara	NA|PAL	Fighting
Fatal Fury Special	1995-04-01	Takara	Takara	NA|PAL	Fighting
FIFA International Soccer	1994-05-01	Extended Play Productions	EA Sports	NA|PAL	Soccer
FIFA Soccer 96	1995-07-01	Extended Play Productions|Probe Entertainment	EA Sports	NA|PAL	Soccer
FIFA 97: Gold Edition	1996-09-06	Electronic Arts	EA Sports	NA|PAL	Soccer
FIFA: Road to World Cup 98	1997-09-03	Electronic Arts	EA Sports	PAL	Soccer
Fighter's History	1994-08-01	Data East	Data East	NA	Fighting
Final Fantasy II	1991-11-23	Square	Square	NA	Role-playing
Final Fantasy III	1994-10-20	Square	Square	NA	Role-playing
Final Fantasy Mystic Quest|Mystic Quest Legend EU	1992-10-05	Square	Square	NA|PAL	Role-playing
Final Fight	1991-09-01	Capcom	Capcom	NA|PAL	Beat 'Em Up
Final Fight 2	1993-08-15	Capcom	Capcom	NA|PAL	Beat 'Em Up
Final Fight 3	1996-01-01	Capcom	Capcom	NA|PAL	Beat 'Em Up
Final Fight Guy	1994-06-01	Capcom	Capcom	NA	Beat 'Em Up
The Firemen	1994-12-31	Human Entertainment	Human Entertainment	PAL	Action
Firepower 2000|Super SWIV EU	1992-11-13	Sales Curve Interactive	Sunsoft	NA|PAL	Scrolling Shooter
Firestriker	1994-10-20	Axes Art Amuse	DTMC	NA	Action
First Samurai	1993-07-02	Kemco	Kemco	NA|PAL	Platformer
Flashback: The Quest for Identity|Flashback EU	1994-02-01	Delphine Software International	U.S. Gold	NA|PAL	Cinematic Platformer
The Flintstones	1995-02-01	Ocean Software	Ocean Software	NA|PAL	Platformer
The Flintstones: The Treasure of Sierra Madrock	1994-03-01	Taito	Taito	NA|PAL	Platformer
Football Fury	1993-10-01	American Sammy	American Sammy	NA	Football
Foreman For Real	1995-09-01	Software Creations	Acclaim Entertainment	NA|PAL	Sports
Frank Thomas' Big Hurt Baseball	1995-11-01	Iguana Entertainment	Acclaim Entertainment	NA|PAL	Baseball
Frantic Flea	1996-04-01	Haus Teknikka	GameTek	NA|PAL	Action
Frogger	1998-10-06	Morning Star Multimedia	Majesco Games	NA	Action
Full Throttle: All-American Racing	1995-01-01	Gremlin Interactive	GameTek	NA|PAL	Racing
Fun 'n Games	1994-08-01	Leland Interactive Media	Tradewest	NA|PAL	Compilation
Gemfire	1992-12-01	Koei	Koei	NA	Turn-based Strategy
Genghis Khan II: Clan of the Gray Wolf	1993-12-01	Koei	Koei	NA	Strategy
George Foreman's KO Boxing	1992-09-01	Beam Software	Acclaim Entertainment	NA|PAL	Boxing
Ghoul Patrol	1994-11-01	LucasArts	JVC	NA|PAL	Action
Goal!|Super Goal! EU	1992-12-07	Tose	Jaleco	NA|PAL	Soccer
Gods	1992-12-31	Bitmap Brothers	Mindscape	NA|PAL	Action|Platformer
Goof Troop	1993-07-11	Capcom	Capcom	NA|PAL	Action|Puzzle
GP-1	1993-10-29	Atlus	Atlus	NA|PAL	Racing
GP-1: Part II	1994-12-01	Atlus	Atlus	NA	Racing
Gradius III	1991-08-23	Konami	Konami	NA	Scrolling Shooter
The Great Circus Mystery Starring Mickey & Minnie	1994-10-16	Capcom	Capcom	NA|PAL	Platformer
The Great Waldo Search	1993-06-01	Radiance Software	THQ	NA	Puzzle
GunForce	1992-11-27	Bits Studios	Irem	NA	Run and Gun
Hagane: The Final Conflict	1995-06-01	Red Entertainment	Hudson Soft	NA|PAL	Action
Hal's Hole in One Golf	1991-09-15	HAL Laboratory	HAL Laboratory	NA|PAL	Golf
HammerLock Wrestling	1994-10-01	Jaleco	Jaleco	NA	Wrestling
Hanna Barbera's Turbo Toons	1994-10-01	Empire Interactive	Entertainment International UK	PAL	Racing
Hardball III	1994-06-01	Accolade	Accolade	NA	Baseball
Harley's Humongous Adventure	1993-02-01	Visual Concepts	Hi Tech Expressions	NA|PAL	Platformer
Harvest Moon	1997-06-25	Pack-In-Video	Natsume	NA|PAL	Simulation
Head-On Soccer|Fever Pitch Soccer EU	1995-09-01	U.S. Gold	U.S. Gold	NA|PAL	Soccer
Hebereke's Popoitto	1995-09-30	Sunsoft	Sunsoft	PAL	Puzzle
Hebereke's Popoon	1994-02-22	Sunsoft	Sunsoft	PAL	Puzzle
Hit the Ice	1993-02-01	Taito	Taito	NA	Hockey
Home Alone	1991-12-30	Altron	THQ	NA|PAL	Action
Home Alone 2: Lost in New York	1992-10-01	Imagineering	THQ	NA|PAL	Action
Home Improvement: Power Tool Pursuit!	1994-11-01	Absolute Entertainment	Absolute Entertainment	NA	Action|Platformer
Hook	1992-10-13	Ukiyotei	Sony Imagesoft	NA|PAL	Platformer
The Humans	1993-12-31	Imagitec Design	GameTek	PAL	Puzzle
Hungry Dinosaurs	1995-01-03	Magical Company	Sunsoft	PAL	Puzzle
The Hunt for Red October	1993-01-01	Riedel Software Productions	Hi Tech Expressions	NA|PAL	Side scroller
Hurricanes	1994-12-31	Probe Entertainment	U.S. Gold	NA|PAL	Platformer
Hyper V-Ball	1994-06-01	Video System	Video System	NA|PAL	Volleyball
Hyper Zone	1991-09-01	HAL Laboratory	HAL Laboratory	NA|PAL	Rail Shooter
The Ignition Factor	1995-01-01	Jaleco	Jaleco	NA	Action
Illusion of Gaia|Illusion of Time EU	1994-09-01	Quintet	Nintendo	NA|PAL	Role-playing
Imperium	1992-11-01	Vic Tokai	Vic Tokai	NA	Scrolling Shooter
Incantation	1996-12-01	Titus Software	Titus Software	NA|PAL	Platformer
The Incredible Crash Dummies	1993-10-01	Gray Matter	LJN	NA|PAL	Action
The Incredible Hulk	1994-08-01	Probe Entertainment	U.S. Gold	NA|PAL	Action
Indiana Jones' Greatest Adventures	1994-10-11	Factor 5	JVC|LucasArts	NA|PAL	Action|Platformer
Inindo: Way of the Ninja	1993-03-01	Koei	Koei	NA	Role-playing
Inspector Gadget	1993-12-01	Hudson Soft	Hudson Soft	NA	Platformer
International Superstar Soccer	1995-06-01	Konami	Konami	NA|PAL	Soccer
International Superstar Soccer Deluxe	1995-11-01	Konami	Konami	NA|PAL	Soccer
International Tennis Tour	1993-11-01	Loriciel	Taito	NA|PAL	Tennis
The Irem Skins Game|The Irem Major Title EU	1992-10-01	Irem	Irem	NA|PAL	Golf
The Itchy & Scratchy Game	1995-03-01	Bits Studios	Acclaim Entertainment	NA|PAL	Action
Izzy's Quest for the Olympic Rings	1995-11-01	Alexandria	U.S. Gold	NA|PAL	Action|Platformer
J.R.R. Tolkien's The Lord of the Rings, Vol. I	1994-01-01	Interplay Entertainment	Interplay Entertainment	NA|PAL	Adventure
Jack Nicklaus Golf	1992-05-15	Tradewest	Tradewest	NA|PAL	Golf
James Bond Jr.	1992-10-01	Gray Matter	THQ	NA|PAL	Action|Platformer
James Pond 3: Operation Starfish	1993-01-01	Millennium Interactive	Electronic Arts	PAL	Platformer
Jammit	1994-01-01	GTE Interactive Media	GTE Interactive Media	NA	Basketball
Jelly Boy	1995-01-01	Probe Entertainment	Ocean Software	PAL	Action|Platformer
Jeopardy!	1992-12-01	Imagineering	GameTek	NA	Game Show
Jeopardy! Deluxe Edition	1994-01-01	GameTek	GameTek	NA	Game Show
Jeopardy! Sports Edition	1994-01-01	GameTek	GameTek	NA	Game Show
The Jetsons: Invasion of the Planet Pirates	1994-01-01	Sting Entertainment	Taito	NA	Platformer
Jim Lee's WildC.A.T.S: Covert Action Teams	1995-01-01	Beam Software	Playmates	NA	Beat 'Em Up
Jim Power: The Lost Dimension in 3-D	1993-12-10	Loriciel	Electro Brain	NA	Action
Jimmy Connors Pro Tennis Tour	1992-12-01	Blue Byte Software	Ubisoft	NA|PAL	Tennis
Jimmy Houston's Bass Tournament U.S.A.	1995-11-01	American Sammy	American Sammy	NA	Fishing
Joe & Mac|Joe & Mac: Caveman Ninja EU	1992-01-07	Data East	Data East	NA|PAL	Platformer
Joe & Mac 2: Lost in the Tropics|Joe & Mac 3: Lost in the Tropics EU	1994-01-01	Data East	Data East	NA|PAL	Platformer
John Madden Football	1991-11-01	Park Place Productions	EA Sports	NA	Football
John Madden Football '93	1992-11-21	EA Canada	EA Sports	NA|PAL	Football
Judge Dredd	1995-01-01	Probe Entertainment	Acclaim Entertainment	NA|PAL	Action
The Jungle Book	1994-04-15	Eurocom	Virgin Interactive	NA|PAL	Platformer
Jungle Strike	1995-01-01	Gremlin Interactive	Electronic Arts	NA|PAL	Shoot 'Em Up
Jurassic Park	1993-11-30	Ocean Software	Ocean Software	NA|PAL	Adventure
Jurassic Park 2: The Chaos Continues	1994-01-01	Ocean Software	Ocean Software	NA|PAL	Action
Justice League Task Force	1995-01-01	Blizzard Entertainment|Sunsoft	Acclaim Entertainment	NA|PAL	Fighting
Ka-Blooey	1992-08-31	Mirrorsoft	Kemco	NA	Puzzle
Kawasaki Caribbean Challenge	1993-01-01	Park Place Productions	GameTek	NA	Racing
Kawasaki Superbike Challenge	1995-01-01	Domark	Time Warner Interactive	NA|PAL	Racing
Ken Griffey Jr. Presents Major League Baseball	1994-03-23	Software Creations	Nintendo	NA	Baseball
Ken Griffey Jr.'s Winning Run	1996-06-10	Rare Ltd.	Nintendo	NA	Baseball
Kendo Rage	1993-01-01	SETA	SETA	NA	Action
Kevin Keegan's Player Manager|K.H. Rummenigge's Player Manager GER	1993-01-01	Anco	Imagineer	PAL	Soccer Management
Kick Off	1993-01-01	Anco	Imagineer	PAL	Soccer
Kick Off 3	1994-01-01	Anco	Vic Tokai	PAL	Soccer
Kid Klown in Crazy Chase	1994-01-01	Kemco	Kemco	NA|PAL	Action
Killer Instinct	1995-08-30	Rare Ltd.	Nintendo	NA|PAL	Fighting
King Arthur & the Knights of Justice	1995-01-01	Manley & Associates	Enix	NA	Action-adventure
King Arthur's World	1993-01-01	Argonaut Games	Jaleco	NA|PAL	Side-scrolling Strategy
The King of Dragons	1994-01-01	Capcom	Capcom	NA|PAL	Beat 'Em Up
King of the Monsters	1992-10-01	Takara	Takara	NA|PAL	Fighting
King of the Monsters 2	1994-06-01	Takara	Takara	NA	Fighting
Kirby Super Star|Kirby's Fun Pak EU	1996-09-20	HAL Laboratory	Nintendo	NA|PAL	Platformer
Kirby's Avalanche|Kirby's Ghost Trap EU	1995-04-25	Compile|HAL Laboratory	Nintendo	NA|PAL	Puzzle
Kirby's Dream Course	1995-02-28	HAL Laboratory	Nintendo	NA|PAL	Golf
Kirby's Dream Land 3	1997-11-27	HAL Laboratory	Nintendo	NA	Platformer
Knights of the Round	1994-01-01	Capcom	Capcom	NA|PAL	Beat 'Em Up
Krusty's Super Fun House	1992-06-01	Audiogenic	Acclaim Entertainment	NA|PAL	Puzzle
Kyle Petty's No Fear Racing	1995-01-01	Leland Interactive Media	Williams Entertainment	NA	Racing
Lagoon	1992-02-01	Zoom Inc.	Kemco	NA|PAL	Role-playing
Lamborghini American Challenge	1993-01-01	Titus Software	Titus Software	NA|PAL	Racing
Last Action Hero	1993-01-01	Bits Studios	Sony Imagesoft	NA|PAL	Beat 'Em Up
The Lawnmower Man	1993-01-01	Sales Curve Interactive	THQ	NA|PAL	Action
Legend	1994-01-01	Arcade Zone	Seika Corporaption	NA|PAL	Beat 'Em Up
The Legend of the Mystical Ninja	1992-06-30	Konami	Konami	NA|PAL	Action
The Legend of Zelda: A Link to the Past	1992-04-13	Nintendo	Nintendo	NA|PAL	Action Role-playing
Lemmings	1992-03-01	Psygnosis	Sunsoft	NA|PAL	Puzzle
Lemmings 2: The Tribes	1994-11-01	Psygnosis	Psygnosis	NA|PAL	Puzzle
Lester the Unlikely	1994-01-01	Visual Concepts	DTMC	NA	Action|Platformer
Lethal Enforcers	1994-01-01	Konami	Konami	NA|PAL	Light Gun Shooter
Lethal Weapon	1992-12-31	Ocean Software	Ocean Software	NA|PAL	Action
Liberty or Death	1994-01-01	Koei	Koei	NA	Turn-based Strategy
The Lion King	1994-12-08	Westwood Studios	Virgin Interactive	NA|PAL	Platformer
Lock On|Super Air Diver EU	1993-01-01	Vic Tokai	Vic Tokai	NA|PAL	Jet Flight Simulation
Looney Tunes B-Ball|Looney Tunes Basketball EU	1995-01-01	Sunsoft	Sunsoft	NA|PAL	Basketball
The Lost Vikings	1993-04-29	Silicon & Synapse	Interplay Entertainment	NA|PAL	Action|Puzzle
The Lost Vikings 2	1997-05-04	Blizzard Entertainment	Interplay Entertainment	NA|PAL	Action|Puzzle
Lucky Luke	1997-10-27	Infogrames	Infogrames	PAL	Platformer
Lufia & the Fortress of Doom	1993-01-01	Neverland	Taito	NA	Role-playing
Lufia II: Rise of the Sinistrals|Lufia EU	1996-08-31	Neverland	Natsume	NA|PAL	Role-playing
M.A.C.S. Basic Rifle Marksmanship	1993-01-01	Sculptured Software		NA	Shooting Simulator
Madden NFL '94	1993-11-19	Visual Concepts	Electronic Arts	NA|PAL	Football
Madden NFL '95	1994-05-01	Visual Concepts	Electronic Arts	NA|PAL	Football
Madden NFL '96	1995-01-01	Tiburon Entertainment	Electronic Arts	NA	Football
Madden NFL 97	1996-01-01	Tiburon Entertainment	Electronic Arts	NA	Football
Madden NFL 98	1997-11-02	Electronic Arts	THQ	NA	Football
Magic Boy	1996-01-01	Empire Software	JVC	NA|PAL	Platformer
Magic Sword	1992-08-14	Minakuchi Engineering	Capcom	NA|PAL	Action|Platformer
The Magical Quest Starring Mickey Mouse	1992-12-23	Capcom	Capcom	NA|PAL	Platformer
Manchester United Championship Soccer|Lothar Matthäus Super Soccer GER	1995-01-01	Krisalis Software	Ocean Software	PAL	Soccer
Mario is Missing!	1993-01-01	The Software Toolworks	The Software Toolworks	NA|PAL	Educational
Mario Paint	1992-08-01	Nintendo	Nintendo	NA|PAL	Art Tool
Mario's Early Years! Fun with Letters	1994-01-01	The Software Toolworks	The Software Toolworks	NA	Educational
Mario's Early Years! Fun with Numbers	1994-01-01	The Software Toolworks	The Software Toolworks	NA	Educational
Mario's Early Years! Preschool Fun	1994-01-01	The Software Toolworks	The Software Toolworks	NA	Educational
Mario's Time Machine	1993-01-01	The Software Toolworks	The Software Toolworks	NA|PAL	Educational
Mark Davis' The Fishing Master	1996-01-01	Natsume	Natsume	NA	Fishing
Marko's Magic Football	1995-01-01	Domark	Acclaim Entertainment	PAL	Platformer
Marvel Super Heroes: War of the Gems	1996-01-01	Capcom	Capcom	NA|PAL	Action
Mary Shelley's Frankenstein	1994-01-01	Bits Studios	Sony Imagesoft	NA	Action
The Mask	1995-01-01	Black Pearl Software	Black Pearl Software	NA|PAL	Action
Math Blaster: Episode 1	1994-01-01	Western Technologies	Davidson & Associates	NA	Educational
Maui Mallard in Cold Shadow|Donald in Maui Mallard EU	1996-01-01	Eurocom Entertainment Software	Nintendo	NA|PAL	Action
Mecarobot Golf	1993-01-01	Toho	Toho	NA	Robot
MechWarrior	1993-01-01	Beam Software	Activision	NA|PAL	Simulation
MechWarrior 3050	1995-01-01	Tiburon Entertainment	Activision	NA|PAL	Simulation
Mega Lo Mania	1994-12-31	Sensible Software	Virgin Interactive	PAL	Real-time Strategy
Mega Man 7	1995-09-30	Capcom	Capcom	NA|PAL	Platformer
Mega Man Soccer	1994-04-02	Sun L	Capcom	NA	Soccer
Mega Man X	1994-01-19	Capcom	Capcom	NA|PAL	Platformer
Mega Man X2	1995-01-06	Capcom	Capcom	NA|PAL	Platformer
Mega Man X3	1996-01-04	Minakuchi Engineering	Capcom	NA|PAL	Platformer
Metal Combat: Falcon's Revenge	1993-01-01	Intelligent Systems	Nintendo	NA|PAL	Light Gun Shooter
Metal Marines	1993-01-01	Namco	Namco	NA|PAL	Real-time Strategy
Metal Morph	1994-01-01	Origin Systems	FCI	NA	Action
Metal Warriors	1995-01-01	LucasArts	Konami	NA	Action
Michael Andretti's Indy Car Challenge	1994-01-01	Genki	Bullet-Proof Software	NA	Racing
Michael Jordan: Chaos in the Windy City	1994-11-21	Electronic Arts	Electronic Arts	NA|PAL	Platformer
Mickey Mania: The Timeless Adventures of Mickey Mouse	1994-10-01	Traveller's Tales	Sony Imagesoft	NA|PAL	Platformer
Mickey's Ultimate Challenge	1994-01-01	Designer Software	Hi Tech Expressions	NA	Puzzle
Micro Machines	1994-01-01	Codemasters	Ocean Software	NA|PAL	Racing
Micro Machines 2: Turbo Tournament	1996-02-22	Codemasters	Ocean Software	PAL	Racing
Might and Magic II: Gates to Another World	1993-01-01	New World Computing	Elite Systems	PAL	Role-playing
Might and Magic III: Isles of Terra	1995-01-01	Iguana Entertainment	FCI	NA	Role-playing
Mighty Morphin Power Rangers	1995-01-01	Natsume	Bandai	NA|PAL	Beat 'Em Up
Mighty Morphin Power Rangers: The Movie	1995-01-01	Bandai	Bandai	NA|PAL	Beat 'Em Up
Mighty Morphin Power Rangers Fighting Edition	1995-01-01	Bandai	Bandai	NA|PAL	Fighting
Miracle Piano	1991-12-31	The Software Toolworks	The Software Toolworks	NA	Educational
MLBPA Baseball	1994-01-01	Visual Concepts	EA Sports	NA	Baseball
Mohawk & Headphone Jack	1996-01-01	Black Pearl Software	THQ	NA|PAL	Action
Monopoly	1992-09-01	Sculptured Software	Parker Brothers	NA	Board game
Mortal Kombat	1993-09-13	Sculptured Software	Acclaim Entertainment	NA|PAL	Fighting
Mortal Kombat II	1994-09-09	Sculptured Software	Acclaim Entertainment	NA|PAL	Fighting
Mortal Kombat 3	1995-10-13	Sculptured Software	Williams Entertainment	NA|PAL	Fighting
Mountain Bike Rally|Cannondale Cup	1994-01-01	Radical Entertainment	Life Fitness Entertainment	NA	Racing
Mr. Do!	1996-12-01	Imagineer	Black Pearl Software	NA|PAL	Action
Mr. Nutz	1994-01-01	Ocean Software	Ocean Software	NA|PAL	Platformer
Ms. Pac-Man	1996-09-01	Digital Eclipse Software	Williams Entertainment	NA|PAL	Action
Musya	1992-12-31	Jorudan	SETA	NA	Action
Natsume Championship Wrestling	1994-01-01	Natsume	Natsume	NA	Wrestling
NBA All-Star Challenge	1992-12-31	Beam Software	LJN	NA|PAL	Basketball
NBA Give 'n Go	1995-01-01	Konami	Konami	NA|PAL	Basketball
NBA Hangtime	1996-01-01	Williams Entertainment	Midway Games	NA|PAL	Basketball
NBA Jam	1994-01-01	Iguana Entertainment	Acclaim Entertainment	NA|PAL	Basketball
NBA Jam Tournament Edition	1995-01-01	Iguana Entertainment	Acclaim Entertainment	NA|PAL	Basketball
NBA Live 95	1994-01-01	Electronic Arts	EA Sports	NA|PAL	Basketball
NBA Live 96	1995-01-01	Electronic Arts	EA Sports	NA|PAL	Basketball
NBA Live 97	1996-01-01	Electronic Arts	EA Sports	NA|PAL	Basketball
NBA Live 98	1997-06-17	EA Sports|Tiertex	THQ	NA	Basketball
NBA Showdown	1993-01-01	Electronic Arts	EA Sports	NA	Basketball
NCAA Basketball|World League Basketball EU	1992-10-01	Sculptured Software	HAL Laboratory|Nintendo	NA|PAL	Basketball
NCAA Final Four Basketball	1995-01-01	Bitmasters	Mindscape	NA	Basketball
NCAA Football	1994-01-01	The Software Toolworks	Mindscape	NA	Football
Newman/Haas IndyCar featuring Nigel Mansell	1994-01-01	Gremlin Interactive	Acclaim Entertainment	NA|PAL	Racing
NFL Football	1993-01-01	Park Place Productions	Konami	NA|PAL	Football
NFL Quarterback Club	1994-01-01	Iguana Entertainment	LJN	NA|PAL	Football
NFL Quarterback Club 96	1995-01-01	Iguana Entertainment	Acclaim Entertainment	NA|PAL	Football
NHL 94	1993-01-01	Electronic Arts	EA Sports	NA|PAL	Hockey
NHL 95	1994-01-01	Visual Concepts|High Score Productions	EA Sports	NA|PAL	Hockey
NHL 96	1995-10-26	High Score Productions|Tiburon Entertainment	EA Sports	NA|PAL	Hockey
NHL 97	1996-10-31	Black Pearl Software	EA Sports	NA|PAL	Hockey
NHL 98	1997-10-23	THQ	EA Sports	NA	Hockey
NHL Stanley Cup|Super Hockey EU	1993-01-01	Sculptured Software	Nintendo	NA|PAL	Hockey
NHLPA Hockey '93	1992-12-31	Electronic Arts	EA Sports	NA|PAL	Hockey
Nickelodeon Guts	1994-01-01	Viacom New Media	Viacom New Media	NA	Game Show
Nigel Mansell's World Championship Racing	1993-01-01	Gremlin Interactive	GameTek	NA|PAL	Racing
Ninja Gaiden Trilogy	1995-08-10	Tecmo	Tecmo	NA	Platformer
Ninja Warriors|Ninja Warriors: The New Generation EU	1994-01-01	Natsume	Taito	NA|PAL	Beat 'Em Up
No Escape	1994-01-01	Bits Studios	Sony Imagesoft	NA	Action
Nobunaga's Ambition	1993-01-01	Koei	Koei	NA	Strategy
Nobunaga's Ambition: Lord of Darkness	1994-01-01	Koei	Koei	NA	Strategy
Nolan Ryan's Baseball	1992-02-28	Romstar	Romstar	NA	Baseball
Nosferatu	1995-01-01	SETA	SETA	NA	Action
Obitus	1994-01-01	Psygnosis	Bullet-Proof Software	NA	Action Role-playing
Ogre Battle: March of the Black Queen	1995-01-01	Quest	Enix	NA	Real-time Tactics
Olympic Summer Games	1996-01-01	Black Pearl Software|Tiertex	U.S. Gold	NA|PAL	Olympics
On the Ball	1992-11-01	Taito	Taito	NA|PAL	Action
Operation Europe: Path to Victory	1994-01-01	Koei	Koei	NA	Turn-based Strategy
Operation Logic Bomb	1993-01-01	Jaleco	Jaleco	NA|PAL	Action
Operation Thunderbolt	1994-01-01	Aisystem Tokyo	Taito	NA	Light Gun Shooter
Oscar	1996-01-01	Flair Software	Titus Software	NA|PAL	Platformer
Out of This World|Another World EU	1992-11-01	Delphine Software International	Interplay Entertainment	NA|PAL	Cinematic Platformer
Out to Lunch	1993-01-01	Mindscape	Mindscape	NA|PAL	Platformer
Outlander	1993-01-01	Mindscape	Mindscape	NA|PAL	Action, Racing
P.T.O.: Pacific Theater of Operations	1993-01-01	Koei	Koei	NA	Turn-based Strategy
P.T.O. II: Pacific Theater of Operations	1995-01-01	Koei	Koei	NA	Turn-based Strategy
Pac-Attack	1993-01-01	Namco	Namco	NA|PAL	Puzzle
Pac-In-Time	1995-01-01	Kalisto Entertainment	Namco	NA|PAL	Platformer
Pac-Man 2: The New Adventures	1994-01-01	Namco	Namco	NA|PAL	Adventure
Packy and Marlon	1995-01-01	Wave Quest	Raya Systems	NA	Educational Platformer
The Pagemaster	1994-01-01	Probe Entertainment	Fox Interactive	NA|PAL	Platformer
Paladin's Quest	1993-01-01	Asmik Ace Entertainment	Enix	NA	Role-playing
Paperboy 2	1991-11-01	Tengen	Mindscape	NA|PAL	Action
Parodius: Non-Sense Fantasy	1992-01-01	Konami	Palcom	PAL	Scrolling Shooter
The Peace Keepers	1994-01-01	Jaleco	Jaleco	NA	Beat 'Em Up
PGA European Tour	1996-01-01	Electronic Arts	Black Pearl Software	NA|PAL	Golf
PGA Tour 96	1996-01-31	Electronic Arts	Black Pearl Software	NA|PAL	Golf
PGA Tour Golf	1992-03-01	Polygames	EA Sports	NA|PAL	Golf
Phalanx	1992-10-01	Kemco	Kemco	NA|PAL	Scrolling Shooter
Phantom 2040	1995-01-01	Viacom New Media	Viacom New Media	NA|PAL	Action
Pieces	1994-01-01	Hori Electric	Atlus	NA	Puzzle
Pilotwings	1991-08-23	Nintendo	Nintendo	NA|PAL	Simulation
Pinball Dreams	1994-01-01	Coconuts Japan	GameTek	NA|PAL	Pinball
Pinball Fantasies	1995-01-01	21st Century Entertainment	GameTek	NA|PAL	Pinball
Pink Goes to Hollywood	1993-01-01	Altron	TecMagik	NA|PAL	Action
Pirates of Dark Water	1994-01-01	Sunsoft	Sunsoft	NA|PAL	Beat 'Em Up
Pitfall: The Mayan Adventure	1994-01-01	Redline Games	Activision	NA|PAL	Action
Pit-Fighter	1992-03-01	THQ	THQ	NA|PAL	Fighting
Plok	1993-01-01	Software Creations	Tradewest	NA|PAL	Platformer
Pocky & Rocky	1993-01-01	Natsume	Natsume	NA|PAL	Adventure
Pocky & Rocky 2	1994-01-01	Natsume	Natsume	NA|PAL	Adventure
Pop'n TwinBee	1993-01-01	Konami	Palcom	PAL	Scrolling Shooter
Pop'n TwinBee: Rainbow Bell Adventures	1994-01-01	Konami	Konami	PAL	Platformer
Populous	1991-09-30	Bullfrog Productions	Acclaim Entertainment	NA|PAL	Real-time Strategy
Populous II: Trials of the Olympian Gods	1993-01-22	Bullfrog Productions	Imagineer	PAL	Real-time Strategy
Porky Pig's Haunted Holiday	1995-01-01	Phoenix Interactive Entertainment	Acclaim Entertainment|Sunsoft	NA|PAL	Platformer
Power Drive	1994-01-01	U.S. Gold	Rage Software	PAL	Racing
Power Instinct	1994-01-01	Atlus	Atlus	NA	Fighting
Power Moves	1993-01-01	Kaneko	Kaneko	NA	Fighting
Power Piggs of the Dark Age	1996-01-01	Radical Entertainment	Titus Software	NA|PAL	Platformer
Power Rangers Zeo: Battle Racers	1996-01-01	Bandai	Bandai	NA|PAL	Vehicular Combat
Powermonger	1993-01-01	Bullfrog Productions	Imagineer	PAL	Real-time Strategy
Prehistorik Man	1996-01-01	Titus Software	Titus Software	NA|PAL	Platformer
Primal Rage	1995-01-01	Bitmasters	Time Warner Interactive	NA|PAL	Fighting
Prince of Persia	1992-11-01	Arsys Software	Konami	NA|PAL	Cinematic Platformer
Prince of Persia 2: The Shadow and the Flame	1996-10-01	Titus Software	Titus Software	NA|PAL	Cinematic Platformer
Pro Quarterback	1992-12-31	Tradewest	Tradewest	NA	Football
Pro Sport Hockey	1994-01-01	Jaleco	Jaleco	NA	Hockey
Pushover	1992-12-31	Red Rat Software	Ocean Software	NA|PAL	Puzzle
Putty Squad	1994-01-01	System 3	Ocean Software	PAL	Platformer
Q*bert 3	1992-10-01	Realtime Associates	NTVIC	NA	Action|Puzzle
Race Drivin'	1992-10-01	Argonaut Games	THQ	NA|PAL	Racing
Radical Rex	1994-01-01	Laser Beam Entertainment	Activision	NA|PAL	Platformer
Raiden Trad	1992-04-01	Seibu Kaihatsu|Toei Company|Micronics	Electro Brain	NA	Scrolling Shooter
Rampart	1992-08-01	Bitmasters	Electronic Arts	NA	Strategy
Ranma ½: Hard Battle|Ranma ½ EU	1993-01-01	Atelier Double	DTMC	NA|PAL	Fighting
Rap Jam: Volume One	1995-01-01	Motown Software	Mandingo Entertainment	NA	Basketball
Realm	1996-01-01	Titus Software	Titus Software	NA|PAL	Action
Redline F-1 Racer|Aguri Suzuki F-1 Super Driving EU	1993-01-01	Absolute Entertainment	Absolute Entertainment	NA|PAL	Racing
Relief Pitcher	1994-01-01	Left Field Productions	Left Field Productions	NA	Baseball
The Ren & Stimpy Show: Buckaroo$!	1995-01-01	Imagineering	THQ	NA	Platformer
The Ren & Stimpy Show: Fire Dogs	1994-01-01	Argonaut Games	THQ	NA	Action
The Ren & Stimpy Show: Time Warp	1994-01-01	Sculptured Software	THQ	NA|PAL	Adventure
The Ren & Stimpy Show: Veediots!	1993-01-01	Gray Matter	THQ	NA|PAL	Platformer
Revolution X	1995-01-01	Software Creations	Acclaim Entertainment	NA|PAL	Rail Shooter
Rex Ronan: Experimental Surgeon	1994-01-01	Sculptured Software	Raya Systems	NA	Educational Action
Riddick Bowe Boxing|Chavez MX	1994-01-01	Malibu Interactive	Extreme Entertainment Group	NA	Sports
Rise of the Phoenix	1995-01-01	Koei	Koei	NA	Turn-based Strategy
Rise of the Robots	1994-01-01	Probe Entertainment	Acclaim Entertainment	NA|PAL	Fighting
Rival Turf!	1992-12-23	Jaleco	Jaleco	NA|PAL	Beat 'Em Up
Road Riot 4WD	1992-11-01	Equilibrium	THQ	NA|PAL	Racing
Road Runner's Death Valley Rally|Looney Tunes: Road Runner EU	1992-11-01	ICOM Simulations	Sunsoft	NA|PAL	Platformer
RoboCop 3	1992-09-01	Ocean Software	Ocean Software	NA|PAL	Action
RoboCop Versus The Terminator	1993-01-01	Virgin Interactive	Virgin Interactive	NA|PAL	Action
Robotrek   Slapstick Jap	1994-01-01	Quintet	Enix	NA	Role-playing
Rock n' Roll Racing	1993-06-04	Silicon & Synapse	Interplay Entertainment	NA|PAL	Racing
The Rocketeer	1992-05-01	NovaLogic	IGS	NA	Action
Rocko's Modern Life: Spunky's Dangerous Day	1994-01-01	Viacom New Media	Viacom New Media	NA	Adventure
Rocky Rodent	1993-01-01	Irem	Irem	NA	Platformer
Roger Clemens' MVP Baseball	1992-09-12	Sculptured Software	LJN	NA	Baseball
Romance of the Three Kingdoms II	1992-05-01	Koei	Koei	NA	Turn-based strategy
Romance of the Three Kingdoms III: Dragon of Destiny	1993-12-01	Koei	Koei	NA	Turn-based strategy
Romance of the Three Kingdoms IV: Wall of Fire	1995-07-01	Koei	Koei	NA	Turn-based strategy
RPM Racing	1991-11-01	Silicon & Synapse	Interplay Entertainment	NA	Racing
R-Type III: The Third Lightning	1994-08-02	Irem	Jaleco	NA|PAL	Scrolling Shooter
Run Saber	1993-06-08	Hori Electric	Atlus	NA|PAL	Action|Platformer
Sailor Moon	1994-01-01	Angel	Bandai	PAL	Beat 'Em Up
Samurai Shodown|Samurai Spirits JPN	1994-09-14	Takara	Takara	NA|PAL	Fighting
Saturday Night Slam Masters|Muscle Bomber JPN	1994-01-01	Capcom	Capcom	NA|PAL	Wrestling
Scooby-Doo Mystery	1995-01-01	Argonaut Software	Acclaim Entertainment|Sunsoft	NA	Adventure
SeaQuest DSV	1995-01-01	Sculptured Software	Malibu Games	NA|PAL	Strategy, Scrolling Shooter
Secret of Evermore	1995-10-01	Square	Square	NA|PAL	Role-playing
Secret of Mana	1993-10-03	Square	Square	NA|PAL	Role-playing
Secret of the Stars	1995-01-01	Tecmo	Tecmo	NA	Role-playing
Sensible Soccer	1992-02-14	Sensible Software	Renegade Software	PAL	Soccer
Shadowrun	1993-05-01	Beam Software	Data East	NA|PAL	Action Role-playing
Shanghai II: Dragon's Eye	1993-01-01	Hot-B	Activision	NA|PAL	Board Game
Shaq Fu	1994-10-28	Delphine Software International	Electronic Arts	NA|PAL	Fighting
Shien's Revenge	1994-01-01	Almanic	Vic Tokai	NA	Rail Shooter
Side Pocket	1993-01-01	Iguana Entertainment	Data East	NA|PAL	Billiards
SimAnt	1993-01-01	Tomcat System	Maxis Software	NA	Simulation
SimCity	1991-08-23	Nintendo|Maxis	Nintendo	NA|PAL	Simulation
SimCity 2000	1996-01-01	THQ	Black Pearl Software	NA|PAL	Simulation
SimEarth	1993-01-01	Tomcat System	FCI	NA	Simulation
The Simpsons: Bart's Nightmare	1992-10-12	Sculptured Software	Acclaim Entertainment	NA|PAL	Action|Compilation
Sink or Swim	1996-01-31	Zeppelin Games	Titus Software	NA|PAL	Puzzle, Platformer
Sküljagger: Revolt of the Westicans	1992-10-01	Realtime Associates	American Softworks	NA	Action|Platformer
Skyblazer	1994-03-16	Ukiyotei	Sony Imagesoft	NA|PAL	Platformer
Smart Ball	1992-03-01	Game Freak , System Sacom	Sony Imagesoft	NA	Action
Smash Tennis	1993-01-01	Namco	Virgin Interactive	PAL	Tennis
The Smurfs	1994-01-01	Infogrames	Infogrames	PAL	Platformer
The Smurfs Travel The World	1994-12-31	Infogrames	Infogrames	PAL	Platformer
Snow White: Happily Ever After	1994-01-01	Imagitec Design	American Softworks	NA	Platformer
Soldiers of Fortune|The Chaos Engine EU	1993-01-01	Bitmap Brothers	Spectrum Holobyte	NA|PAL	Action
Sonic Blast Man	1993-01-01	Taito	Taito	NA|PAL	Beat 'Em Up
Sonic Blast Man II	1994-01-01	Taito	Taito	NA	Beat 'Em Up
SOS	1994-01-01	Human Entertainment	Vic Tokai	NA	Action
Soul Blazer	1992-11-27	Quintet	Enix	NA|PAL	Action Role-playing
Space Ace	1994-01-01	Entertainment International	Absolute Entertainment	NA|PAL	Action
Space Football: One on One	1992-06-01	Bits Studios	Triffix	NA	Sports
Space Invaders	1997-11-01	Taito	Nintendo	NA|PAL	Action
Space Megaforce|Super Aleste EU	1992-10-30	Compile	Toho	NA|PAL	Scrolling Shooter
Spanky's Quest	1992-07-01	Natsume	Natsume	NA|PAL	Action
Sparkster	1994-10-01	Konami	Konami	NA|PAL	Action|Platformer
Spectre	1994-01-01	Synergistic Software	Cybersoft	NA|PAL	First-Person Shooter
Speed Racer in My Most Dangerous Adventures	1994-01-01	Radical Entertainment	Accolade	NA	Racing
Speedy Gonzales: Los Gatos Bandidos	1995-01-01	Sunsoft	Sunsoft	NA	Platformer
Spider-Man: The Animated Series	1995-01-01	Western Technologies	LJN	NA|PAL	Action
Spider-Man and Venom: Maximum Carnage	1994-09-16	Software Creations	LJN	NA|PAL	Beat 'Em Up
Spider-Man and the X-Men in Arcade's Revenge	1992-11-01	Software Creations	LJN	NA|PAL	Action|Platformer
Spindizzy Worlds	1993-01-01	ASCII Entertainment	ASCII Entertainment	NA|PAL	Puzzle
Spirou	1995-01-01	Infogrames	Infogrames	PAL	Action|Platformer
The Sporting News: Power Baseball	1995-01-01	Now Production	Hudson Soft	NA	Baseball
Sports Illustrated: Championship Football & Baseball|All-American Championship Football EU	1994-01-01	Malibu Games	Malibu Games	NA|PAL	Sports Compilation
Star Fox|Starwing EU	1993-03-23	Nintendo|Argonaut Games	Nintendo	NA|PAL	3D Shooter
Star Trek: Deep Space Nine: The Crossroads of Time	1995-01-01	Novotrade	Playmates	NA|PAL	Action, Adventure
Star Trek: Starfleet Academy Starship Bridge Simulator	1994-01-01	Paramount Interactive	Interplay Entertainment	NA|PAL	Simulation
Star Trek: The Next Generation: Future's Past	1994-01-01	Spectrum Holobyte	Spectrum Holobyte	NA|PAL	Adventure
Stargate	1995-01-01	Probe Entertainment	Acclaim Entertainment	NA|PAL	Action
Steel Talons	1993-01-01	Panoramic	Left Field Productions	NA	Multidirectional Shooter
Sterling Sharpe: End 2 End	1995-01-01	Tose	Jaleco	NA	Football
Stone Protectors	1994-01-01	Eurocom	Kemco	NA	Beat 'Em Up
Street Combat|Ranma ½: Chōnai Gekitōhen JPN	1993-01-01	Opus Corporation	Irem	NA	Fighting
Street Fighter Alpha 2|Street Fighter Zero 2 JPN	1996-11-01	Capcom	Nintendo	NA|PAL	Fighting
Street Fighter II: The World Warrior	1992-07-01	Capcom	Capcom	NA|PAL	Fighting
Street Fighter II Turbo: Hyper Fighting	1993-08-13	Capcom	Capcom	NA|PAL	Fighting
Street Hockey '95	1994-01-01	GTE Interactive Media	GTE Interactive Media	NA	Hockey
Street Racer	1994-01-01	Vivid Image	Ubisoft	NA|PAL	Racing
Strike Gunner S.T.G|Super Strike Gunner EU	1992-10-15	Athena	NTVIC	NA|PAL	Scrolling Shooter
Stunt Race FX	1994-10-10	Nintendo|Argonaut Games	Nintendo	NA|PAL	Racing
Sunset Riders	1993-06-08	Konami	Konami	NA|PAL	Run and Gun
Super Adventure Island	1992-04-01	Hudson Soft	Hudson Soft	NA|PAL	Platformer
Super Adventure Island II	1995-05-10	Hudson Soft	Hudson Soft	NA|PAL	Adventure
The Super Aquatic Games Starring the Aquabats|James Pond's Crazy Sports EU	1993-01-01	Millennium Interactive	Seika Corporation	NA|PAL	Sports
Super Baseball 2020	1993-01-01	Monolith Corporation	Tradewest	NA	Baseball
Super Baseball Simulator 1.000	1991-12-01	Culture Brain	Culture Brain	NA	Baseball
Super Bases Loaded	1991-09-30	Tose	Jaleco	NA	Baseball
Super Bases Loaded 2	1994-01-01	Tose	Jaleco	NA	Baseball
Super Bases Loaded 3: License to Steal	1995-01-01	Tose	Jaleco	NA	Baseball
Super Batter Up	1992-10-01	Namco	Namco	NA	Baseball
Super Battleship	1993-01-01	World Builders Synergistic	Mindscape	NA|PAL	Strategy
Garry Kitchen's Super Battletank: War in the Gulf|Super Battletank EU	1992-06-01	Absolute Entertainment	Absolute Entertainment	NA|PAL	Simulation
Super Battletank 2	1994-01-11	Absolute Entertainment	Absolute Entertainment	NA|PAL	Simulation
Super Black Bass	1993-01-01	Starfish	Hot-B	NA	Fishing
Super Bomberman	1993-05-10	Hudson Soft	Hudson Soft	NA|PAL	Action|Puzzle
Super Bomberman 2	1994-12-12	Hudson Soft	Hudson Soft	NA|PAL	Action|Puzzle
Super Bomberman 3	1995-10-15	Hudson Soft	Hudson Soft	PAL	Action|Puzzle
Super Bonk|Super B.C. Kid EU	1994-01-01	Red Company	Hudson Soft	NA|PAL	Platformer
Super Bowling	1992-09-01	Athena	Technōs Japan	NA	Bowling
Super Buster Bros.|Super Pang EU	1992-10-01	Capcom	Capcom	NA|PAL	Action
Super Caesars Palace	1993-08-08	Illusion Softworks	Virgin Interactive	NA	Gambling
Super Castlevania IV	1991-12-04	Konami	Konami	NA|PAL	Action|Platformer
Super Chase H.Q.	1993-01-01	Taito	Taito	NA|PAL	Racing
Super Conflict	1993-01-01	Vic Tokai	Vic Tokai	NA|PAL	Turn-based Strategy
Super Double Dragon	1992-10-01	Technōs Japan	Tradewest	NA|PAL	Beat 'Em Up
Super Dany	1994-01-01	Cryo Interactive	Virgin Interactive	PAL	Action|Platformer
Super Dropzone	1995-01-01	Eurocom	Psygnosis	PAL	Action-adventure
Super Ghouls 'n Ghosts	1991-11-28	Capcom	Capcom	NA|PAL	Platformer
Super Goal! 2	1994-01-01	Tose	Jaleco	NA	Soccer
Super Godzilla	1994-01-01	Toho	Toho	NA	Action
Super High Impact	1993-01-01	Iguana Entertainment	Acclaim Entertainment	NA	Football
Super Ice Hockey	1994-01-01	Sunsoft	Sunsoft	PAL	Hockey
Super International Cricket	1994-01-01	Beam Software	Nintendo	PAL	Cricket
Super James Pond|Super James Pond II EU	1993-01-01	American Softworks	American Softworks	NA|PAL	Platformer
Super Mario All-Stars	1993-08-01	Nintendo	Nintendo	NA|PAL	Platformer
Super Mario All-Stars + Super Mario World	1994-01-01	Nintendo	Nintendo	NA|PAL	Platformer
Super Mario Kart	1992-09-01	Nintendo	Nintendo	NA|PAL	Racing
Super Mario RPG: Legend of the Seven Stars	1996-05-13	Square	Nintendo	NA	Role-playing
Super Mario World	1991-08-23	Nintendo	Nintendo	NA|PAL	Platformer
Super Mario World 2: Yoshi's Island	1995-10-04	Nintendo	Nintendo	NA|PAL	Platformer
Super Metroid	1994-04-18	Nintendo	Nintendo	NA|PAL	Action|Platformer
Super Morph	1993-01-01	Millennium Interactive	Sony Imagesoft	PAL	Puzzle
Super Ninja Boy	1993-01-01	Culture Brain	Culture Brain	NA	Action Role-playing
Super Nova	1993-01-01	Taito	Taito	NA	Scrolling Shooter
Super Off Road	1991-12-01	Software Creations	Tradewest	NA|PAL	Racing
Super Off Road: The Baja	1993-07-02	Software Creations	Tradewest	NA	Racing
Super Pinball: Behind the Mask	1994-01-01	KaZe|Meldac	Nintendo	NA|PAL	Pinball
Super Play Action Football	1992-01-01	Nintendo	Nintendo	NA	Football
Super Punch-Out!!	1994-09-14	Nintendo	Nintendo	NA|PAL	Boxing
Super Putty	1993-01-01	System 3	U.S. Gold	NA|PAL	Platformer
Super R.B.I. Baseball	1995-01-01	Gray Matter	Time Warner Interactive	NA	Baseball
Super R-Type	1991-09-01	Irem	Irem	NA|PAL	Scrolling Shooter
Super Scope 6|Nintendo Scope 6 EU	1992-02-01	Nintendo	Nintendo	NA|PAL	Light Gun Shooter
Super Slam Dunk	1993-01-01	Virgin Interactive	Virgin Interactive	NA	Basketball
Super Slap Shot	1993-01-01	Ringler Studios	Virgin Interactive	NA	Hockey
Super Smash TV	1992-01-01	Beam Software	Acclaim Entertainment	NA|PAL	Action
Super Soccer	1992-05-01	Human Entertainment	Nintendo	NA|PAL	Soccer
Super Soccer Champ|Euro Football Champ EU	1992-06-01	Taito	Taito	NA|PAL	Soccer
Super Solitaire	1994-01-01	Extreme Entertainment Group	Extreme Entertainment Group	NA	Card Game
Super Star Wars	1992-06-01	Sculptured Software	JVC|LucasArts	NA|PAL	Platformer|Run and Gun
Super Star Wars: The Empire Strikes Back	1993-06-01	Sculptured Software	JVC|LucasArts	NA|PAL	Platformer|Run and Gun
Super Star Wars: Return of the Jedi	1994-06-22	Sculptured Software	JVC|LucasArts	NA|PAL	Platformer|Run and Gun
Super Street Fighter II: The New Challengers	1994-07-18	Capcom	Capcom	NA|PAL	Fighting
Super Strike Eagle	1993-01-01	MicroProse	MicroProse	NA|PAL	Combat Flight Simulator
Super Tennis	1991-11-02	Tokyo Shoseki	Nintendo	NA|PAL	Tennis
Super Troll Islands	1994-01-01	Kemco	American Softworks	NA|PAL	Action
Super Turrican	1993-01-01	Factor 5	Seika Corporation	NA|PAL	Action
Super Turrican 2	1995-01-01	Factor 5	Ocean Software	NA|PAL	Action
Super Valis IV	1993-02-01	Telenet Japan	Atlus	NA	Action
Super Widget	1993-01-01	Atlus	Atlus	NA|PAL	Platformer
Suzuka 8 Hours	1994-01-01	Namco	Namco	NA	Racing
SWAT Kats: The Radical Squadron	1995-08-21	AIM	Hudson Soft	NA	Platformer
Syndicate	1995-01-01	Bullfrog Productions	Ocean Software	NA|PAL	Real-time Tactics
Syvalion	1992-01-01	Taito	Toshiba EMI	PAL	Shoot 'Em Up
T2: The Arcade Game	1994-01-01	Probe Entertainment	LJN	NA|PAL	Action
Taz-Mania	1993-01-01	Visual Concepts	Sunsoft	NA|PAL	Racing
Tecmo Super Baseball	1994-01-01	Tecmo	Tecmo	NA	Baseball
Tecmo Super Bowl	1993-01-01	Tecmo	Tecmo	NA	Football
Tecmo Super Bowl II: Special Edition	1995-01-01	Tecmo	Tecmo	NA	Football
Tecmo Super Bowl III: Final Edition	1995-01-01	Tecmo	Tecmo	NA	Football
Tecmo Super NBA Basketball	1993-01-01	Tecmo	Tecmo	NA|PAL	Basketball
Teenage Mutant Ninja Turtles IV: Turtles in Time|Teenage Mutant Hero Turtles IV: Turtles in Time EU	1992-08-15	Konami	Konami	NA|PAL	Beat 'Em Up
Teenage Mutant Ninja Turtles: Tournament Fighters|Teenage Mutant Hero Turtles: Tournament Fighters EU	1993-01-01	Konami	Konami	NA|PAL	Fighting
The Terminator	1993-01-01	Mindscape	Mindscape	NA|PAL	Action
Terminator 2: Judgment Day	1993-01-01	Bits Studios	LJN	NA|PAL	Action
Terranigma	1996-12-19	Quintet	Nintendo	PAL	Action Role-Playing
Tetris & Dr. Mario	1994-12-30	Nintendo	Nintendo	NA|PAL	Puzzle
Tetris 2	1994-01-01	Bullet-Proof Software	Nintendo	NA|PAL	Puzzle
Tetris Attack	1996-08-04	Intelligent Systems	Nintendo	NA|PAL	Puzzle
Theme Park	1994-01-01	Bullfrog Productions	Electronic Arts	PAL	Simulation
Thomas the Tank Engine & Friends	1993-08-02	Software Creations	THQ	NA|PAL	Action, Adventure
Thunder Spirits	1992-06-01	Technosoft	Seika Corporation	NA	Scrolling Shooter
The Tick	1994-01-01	Software Creations	Fox Interactive	NA	Beat 'Em Up
Time Slip	1993-01-01	Sales Curve Interactive	Vic Tokai	NA|PAL	Action
Time Trax	1994-01-01	Malibu Games	Malibu Games	NA|PAL	Action
Timecop	1995-01-01	Cryo Interactive	JVC	NA|PAL	Action
Timon & Pumbaa's Jungle Games	1997-11-30	Tiertex Design Studios	THQ	NA|PAL	Compilation
Tin Star	1994-01-01	Software Creations	Nintendo	NA	Rail Shooter, Light Gun Shooter
Tintin in Tibet	1995-01-01	Infogrames	Infogrames	PAL	Adventure
Tiny Toon Adventures: Buster Busts Loose	1993-01-01	Konami	Konami	NA|PAL	Platformer
Tiny Toon Adventures: Wacky Sports Challenge|Tiny Toon Adventures: Wild & Wacky Sports EU	1994-01-01	Konami	Konami	NA|PAL	Sports
TKO Super Championship Boxing	1992-10-01	Sting Entertainment	Sofel	NA|PAL	Boxing
TNN Bass Tournament of Champions	1994-01-01	American Softworks	American Softworks	NA	Fishing
Todd McFarlane's Spawn: The Video Game	1995-01-01	Ukiyotei	Acclaim Entertainment	NA|PAL	Beat 'Em Up
Tom and Jerry	1993-01-01	Riedel Software Productions	Hi Tech Expressions	NA|PAL	Platformer
Tommy Moe's Winter Extreme: Skiing & Snowboarding|Val d'Isere Championship EU	1994-01-01	Loriciel	Electro Brain	NA|PAL	Skiing|Snowboarding
Tony Meola's Sidekicks Soccer|Super Copa BRA|World Soccer EU	1993-01-01	Sculptured Software	Electro Brain	NA|PAL	Soccer
Top Gear	1992-04-16	Gremlin Interactive	Kemco	NA|PAL	Racing
Top Gear 2	1993-08-08	Gremlin Interactive	Kemco	NA|PAL	Racing
Top Gear 3000	1995-01-01	Gremlin Interactive	Kemco	NA|PAL	Racing
Total Carnage	1993-01-01	Black Pearl Software	Malibu Games	NA|PAL	Action
Toy Story	1995-12-31	Traveller's Tales	Disney Interactive	NA|PAL	Platformer
Toys	1993-01-01	Absolute Entertainment	Absolute Entertainment	NA|PAL	Action
Troddlers	1993-01-01	Atod	Seika Corporation	NA|PAL	Puzzle
Troy Aikman NFL Football	1994-01-01	Tradewest	Tradewest	NA|PAL	Football
True Golf: Wicked 18	1993-01-01	T&E Software	Bullet-Proof Software	NA	Golf
True Golf Classics: Pebble Beach Golf Links	1992-04-01	T&E Software	T&E Software	NA|PAL	Golf
True Golf Classics: Waialae Country Club	1991-11-30	T&E Software	T&E Software	NA	Golf
True Lies	1995-01-01	Beam Software	LJN	NA|PAL	Action
Tuff E Nuff	1993-01-01	Jaleco	Jaleco	NA|PAL	Fighting
Turn and Burn: No-Fly Zone	1994-01-01	Absolute Entertainment	Absolute Entertainment	NA|PAL	Jet Flight Simulator
The Twisted Tales of Spike McFang	1994-01-01	Red Entertainment	Bullet-Proof Software	NA	Action Role-playing
U.N. Squadron	1991-09-09	Capcom	Capcom	NA|PAL	Scrolling Shooter
Ultima: Runes of Virtue II	1994-01-01	Origin Systems	FCI	NA	Role-playing
Ultima VI: The False Prophet	1994-01-01	Origin Systems	FCI	NA	Role-playing
Ultima VII: The Black Gate	1994-01-01	Origin Systems	FCI	NA	Role-playing
Ultimate Fighter	1994-01-01	Culture Brain	Culture Brain	NA	Fighting
Ultimate Mortal Kombat 3	1996-06-26	Avalanche Software	Williams Entertainment	NA|PAL	Fighting
Ultraman: Towards the Future	1991-10-19	Bandai	Bandai	NA|PAL	Fighting
Uncharted Waters	1993-01-01	Koei	Koei	NA	Simulation, Role-playing
Uncharted Waters: New Horizons	1994-01-01	Koei	Koei	NA	Simulation, Role-playing
Uniracers|Unirally EU	1994-06-01	DMA Design	Nintendo	NA|PAL	Racing
Untouchables	1994-01-01	Ocean Software	Ocean Software	NA	Action
Urban Strike	1995-01-01	Granite Bay Software	Black Pearl Software	NA|PAL	Shoot 'Em Up
Utopia: The Creation of a Nation	1993-01-01	Jaleco	Jaleco	NA|PAL	Real-time Strategy
Vegas Stakes	1993-01-01	HAL Laboratory	Nintendo	NA|PAL	Gambling
Venom/Spider-Man: Separation Anxiety	1995-01-01	Software Creations	Acclaim Entertainment	NA|PAL	Beat 'Em Up
Virtual Bart	1994-09-26	Sculptured Software	Acclaim Entertainment	NA|PAL	Action|Compilation
Virtual Soccer	1993-01-01	Probe Entertainment	Hudson Soft	PAL	Soccer
Vortex	1994-01-01	Argonaut Games	Electro Brain	NA|PAL	3D Shooter
War 2410	1995-01-01	Advanced Productions	Advanced Productions	NA	Turn-based Strategy
War 3010: The Revolution	1996-10-01	Advanced Productions	Advanced Productions	NA	Turn-based strategy
Wario's Woods	1994-12-10	Nintendo	Nintendo	NA|PAL	Puzzle
Warlock	1995-01-01	Realtime Associates	LJN	NA|PAL	Action
WarpSpeed	1992-12-01	Accolade	Accolade	NA|PAL	Space Flight Simulator
Waterworld	1995-01-01	Ocean Software	Ocean Software	PAL	Shoot 'Em Up
Wayne Gretzky and the NHLPA All-Stars	1995-01-01	Time Warner Interactive	Time Warner Interactive	NA	Sports (ice hockey)
Wayne's World	1993-01-01	Gray Matter	THQ	NA|PAL	Action
WCW SuperBrawl Wrestling	1994-01-01	Beam Software	FCI	NA	Wrestling
Weaponlord	1995-01-01	Visual Concepts	Namco	NA|PAL	Fighting
We're Back! A Dinosaur's Story	1993-01-01	Visual Concepts	Hi Tech Expressions	NA|PAL	Action
Wheel of Fortune: Featuring Vanna White	1992-09-01	Imagitec Design	GameTek	NA	Game Show
Wheel of Fortune Deluxe!	1994-01-01	Imagitec Design	GameTek	NA	Game Show
Where in the World Is Carmen Sandiego?	1993-01-01	Broderbund	Hi Tech Expressions	NA|PAL	Educational strategy
Where in Time is Carmen Sandiego?	1993-01-01	Broderbund	Hi Tech Expressions	NA	Educational strategy
Whirlo	1992-01-01	Namco	Namco	PAL	Action-platformer
Whizz	1996-11-01	Flair Software	Titus Software	NA|PAL	Action
Wild Guns	1995-07-04	Natsume	Natsume	NA|PAL	Cabal Shooter
WildSnake	1994-01-01	Manley & Associates	Spectrum HoloByte	NA	Puzzle
Williams Arcade's Greatest Hits	1996-10-31	Digital Eclipse Software	Midway Games	NA|PAL	Arcade Compilation
Wing Commander	1992-03-01	Origin Systems	Mindscape	NA|PAL	Space flight simulator
Wing Commander: The Secret Missions	1993-01-01	Origin Systems	Mindscape	NA|PAL	Space flight simulator
Wings 2: Aces High|Blazing Skies EU	1992-10-01	Namco	Namco	NA|PAL	Flight sim
Winter Gold	1996-11-28	Nintendo	Nintendo	PAL	Sports
Winter Olympic Games: Lillehammer '94	1994-01-01	U.S. Gold	U.S. Gold	NA|PAL	Sports Compilation
The Wizard of Oz	1993-10-05	SETA	SETA	NA	Adventure (movie based)
Wizardry V: Heart of the Maelstrom	1994-01-01	ASCII Entertainment	Capcom	NA	Role-Playing
Wolfchild	1993-01-01	Core Design	Virgin Interactive	NA	Platformer
Wolfenstein 3D	1994-01-01	Imagineer	Imagineer	NA|PAL	First-person shooter
Wolverine: Adamantium Rage	1994-01-01	Bits Studios	LJN	NA|PAL	Action
Wordtris	1992-11-01	Bullet-Proof Software	Spectrum HoloByte	NA	Puzzle
World Class Rugby	1993-01-01	Audiogenic	Imagineer	PAL	Rugby
World Cup USA '94	1994-01-01	U.S. Gold	U.S. Gold	NA|PAL	Soccer
World Heroes	1993-01-01	Sunsoft	Sunsoft	NA|PAL	Fighting
World Heroes 2	1994-01-01	Saurus Co., Ltd	Takara	NA	Fighting
World League Soccer	1992-06-01	ANCO	Mindscape	NA	Soccer
World Masters Golf	1995-11-23	Arc Developments	Virgin Interactive	PAL	Golf
World Soccer '94: Road to Glory|Striker EU|Eric Cantona Football Challenge FRA	1993-12-01	Rage Software	Elite	NA|PAL	Soccer
Worms	1996-09-29	Team 17	Ocean Software	PAL	Strategy
WWF RAW	1994-01-01	Sculptured Software	LJN	NA|PAL	Wrestling
WWF Royal Rumble	1993-06-08	Sculptured Software	LJN	NA|PAL	Wrestling
WWF Super WrestleMania	1992-02-12	Sculptured Software	LJN	NA|PAL	Wrestling
WWF WrestleMania: The Arcade Game	1995-11-01	Iguana Entertainment	Acclaim Entertainment	NA|PAL	Wrestling
Xardion	1992-06-01	Asmik Ace Entertainment	Asmik Ace Entertainment	NA	Action, side scroller, platformer
X-Kaliber 2097	1994-02-01	Toshiba EMI	Activision	NA|PAL	Platformer
X-Men: Mutant Apocalypse	1994-11-01	Capcom	Capcom	NA|PAL	Action
X-Zone	1992-01-01	Kemco	Kemco	NA|PAL	Rail Shooter
Yoshi's Cookie	1993-04-01	Bullet-Proof Software	Bullet-Proof Software	NA|PAL	Puzzle
Yoshi's Safari	1993-09-03	Nintendo	Nintendo	NA|PAL	Light Gun Shooter
Young Merlin	1994-03-18	Westwood Studios	Virgin Interactive	NA|PAL	Role-Playing
Ys III: Wanderers from Ys	1992-01-10	Tonkin House	American Sammy	NA	Action Role-Playing
Zero the Kamikaze Squirrel	1994-11-01	Iguana Entertainment	Sunsoft	NA|PAL	Platformer
Zombies Ate My Neighbors|Zombies EU	1993-09-24	LucasArts	Konami	NA|PAL	Action
Zool	1993-06-01	Gremlin Interactive	GameTek	NA|PAL	Platformer
Zoop	1995-09-15	Hookstone Productions	Viacom New Media	NA|PAL	Puzzle
